"geo","time","present_value_of_debt_percent_of_gni"
"bdi",2016,12.03549
"cod",2016,10.68649
"ken",2016,21.15035
"rwa",2016,21.48809
"tza",2016,20.44291
"uga",2016,15.69228
